id,quizId,question,createdAt
806,84,Calco ex curriculum claro antepono non tabula quidem aeger sperno.?,2024-10-09 06:04:28.483
807,84,Contra cilicium tepidus defendo una cupressus uterque similique.?,2024-10-09 06:04:28.490
808,84,Pecto somniculosus trepide adsidue benigne coniuratio velut delectatio tenuis.?,2024-10-09 06:04:28.495
809,84,Thesis balbus textus cinis viscus ciminatio sursum sopor alter bellicus.?,2024-10-09 06:04:28.498
810,84,Catena balbus velut saepe torqueo auctor debilito uxor abduco tunc.?,2024-10-09 06:04:28.503
811,84,Reprehenderit cernuus subiungo campana audacia.?,2024-10-09 06:04:28.507
812,84,Arceo rerum praesentium depromo valeo.?,2024-10-09 06:04:28.510
813,84,Cunctatio allatus facilis.?,2024-10-09 06:04:28.513
814,84,Universe conservo solium xiphias.?,2024-10-09 06:04:28.516
815,84,Angustus umbra adamo.?,2024-10-09 06:04:28.519
816,85,Animi suspendo talio canonicus spes ipsa defungo.?,2024-10-09 06:04:28.523
817,85,Conscendo aeger adflicto derelinquo decumbo allatus cogo ratione nesciunt capillus.?,2024-10-09 06:04:28.526
818,85,Charisma caute tenetur tutis comitatus quas degusto.?,2024-10-09 06:04:28.529
819,85,Adinventitias degero labore ducimus eius.?,2024-10-09 06:04:28.532
820,85,Voluptas virtus aer aggero cenaculum assumenda.?,2024-10-09 06:04:28.535
821,85,Speculum absens tolero addo apostolus tracto vesper.?,2024-10-09 06:04:28.538
822,85,Sed argentum laborum.?,2024-10-09 06:04:28.541
823,85,Thalassinus alias demergo canto vigilo cado natus molestias admitto suadeo.?,2024-10-09 06:04:28.544
824,85,Illum vitae temptatio amplexus.?,2024-10-09 06:04:28.550
825,85,Crapula terra caelum quas.?,2024-10-09 06:04:28.559
826,86,Solus aufero curia administratio.?,2024-10-09 06:04:28.563
827,86,Coma clarus comitatus verbera tui trucido saepe vivo provident.?,2024-10-09 06:04:28.566
828,86,Verbera combibo deludo cohibeo adfectus concido.?,2024-10-09 06:04:28.569
829,86,Terebro abundans utor carpo.?,2024-10-09 06:04:28.572
830,86,Texo delectatio suspendo dolorum.?,2024-10-09 06:04:28.574
831,86,Anser tenetur succurro acsi magni canis avaritia crinis.?,2024-10-09 06:04:28.577
832,86,Claustrum administratio et cui comprehendo thesis.?,2024-10-09 06:04:28.579
833,86,Astrum arbor thymbra condico adhuc testimonium temeritas.?,2024-10-09 06:04:28.582
834,86,Thalassinus caveo candidus victus utor amor.?,2024-10-09 06:04:28.585
835,86,Voco fuga creta delinquo careo vociferor spiculum territo amissio studio.?,2024-10-09 06:04:28.588
836,87,Convoco similique curo aestivus asper porro vinum.?,2024-10-09 06:04:28.592
837,87,Ademptio peccatus admiratio arbor delinquo aedificium aperiam velum maiores.?,2024-10-09 06:04:28.595
838,87,Textor sperno cibo curto ustulo conscendo termes decipio triduana omnis.?,2024-10-09 06:04:28.598
839,87,Cinis iusto sollers tepesco utor vomica tempore supellex colligo agnosco.?,2024-10-09 06:04:28.601
840,87,Sollicito velum umquam tendo aestivus.?,2024-10-09 06:04:28.603
841,87,Audio acer ratione celebrer vobis veniam quisquam strues quo.?,2024-10-09 06:04:28.606
842,87,Officia caries ventosus repellat arcesso deficio suadeo patruus.?,2024-10-09 06:04:28.608
843,87,Cariosus adulatio advenio.?,2024-10-09 06:04:28.611
844,87,Confido campana civis.?,2024-10-09 06:04:28.614
845,87,Dolorem victus cura summopere tamisium aureus sunt supra campana velum.?,2024-10-09 06:04:28.617
846,88,Abduco cibo tabula.?,2024-10-09 06:04:28.620
847,88,Alo valens uberrime coepi alioqui nihil unus verus sopor cado.?,2024-10-09 06:04:28.623
848,88,Ad accommodo beatae tabesco.?,2024-10-09 06:04:28.626
849,88,Adiuvo illum summa laudantium beatus laborum consequatur adiuvo deputo aegrotatio.?,2024-10-09 06:04:28.629
850,88,Damno sol veritas sustineo.?,2024-10-09 06:04:28.632
851,88,Blanditiis atque accusator delego complectus.?,2024-10-09 06:04:28.635
852,88,Totam sapiente voco xiphias vorax curriculum est calcar saepe.?,2024-10-09 06:04:28.637
853,88,Repudiandae infit studio odio sollers.?,2024-10-09 06:04:28.640
854,88,Circumvenio aggredior uredo alii doloremque turpis provident.?,2024-10-09 06:04:28.644
855,88,Sonitus tollo contego admoveo ustilo aufero tergiversatio teres appello.?,2024-10-09 06:04:28.647
856,89,Comis dens odit cura amaritudo accommodo.?,2024-10-09 06:04:28.651
857,89,Advoco vaco virgo autus credo tardus cicuta ascisco ara.?,2024-10-09 06:04:28.654
858,89,Ullus delinquo cresco adsum virga tonsor abbas summopere cunae.?,2024-10-09 06:04:28.656
859,89,Damnatio vespillo a cognomen truculenter acsi supellex bos terebro votum.?,2024-10-09 06:04:28.658
860,89,Adsum crustulum candidus vulgaris desino temptatio.?,2024-10-09 06:04:28.661
861,89,Angustus uberrime trepide caveo amicitia creber necessitatibus fuga.?,2024-10-09 06:04:28.663
862,89,Aeger stips autem decor tumultus testimonium crur bellum non.?,2024-10-09 06:04:28.665
863,89,Aptus arbor bene terga una.?,2024-10-09 06:04:28.667
864,89,Tonsor vix damnatio bis volva tego pecus tamdiu ocer comprehendo.?,2024-10-09 06:04:28.670
865,89,Claustrum amissio via.?,2024-10-09 06:04:28.672
866,90,Turpis a casus.?,2024-10-09 06:04:28.675
867,90,Tribuo turpis comis suppono earum vilitas cubo.?,2024-10-09 06:04:28.677
868,90,Cresco ante sulum sodalitas.?,2024-10-09 06:04:28.680
869,90,Volaticus denuncio conturbo expedita sit dapifer.?,2024-10-09 06:04:28.682
870,90,Demoror pariatur curso dapifer cauda eveniet.?,2024-10-09 06:04:28.684
871,90,Argentum caveo temperantia vox tamisium tremo.?,2024-10-09 06:04:28.686
872,90,Ultio stipes velit temeritas degenero.?,2024-10-09 06:04:28.689
873,90,Vesco vicinus caterva vinculum curia beatus.?,2024-10-09 06:04:28.692
874,90,Thesis cubicularis perspiciatis defaeco callide trucido dedico quo quis summopere.?,2024-10-09 06:04:28.694
875,90,Adficio quis abduco adnuo clam avaritia decipio cupressus certus.?,2024-10-09 06:04:28.697
876,91,Advoco aperte saepe auxilium demonstro claudeo unus taceo.?,2024-10-09 06:04:28.701
877,91,Cunctatio vomica somnus aspernatur rem cattus decor defaeco.?,2024-10-09 06:04:28.703
878,91,Pecto unus vicinus bonus iste vinculum.?,2024-10-09 06:04:28.706
879,91,Cupressus conicio abbas conspergo dens suspendo.?,2024-10-09 06:04:28.708
880,91,Audax casus atrocitas.?,2024-10-09 06:04:28.711
881,91,Venio mollitia tametsi ubi.?,2024-10-09 06:04:28.713
882,91,Arbitro decipio ut sumo venustas amet voluptate.?,2024-10-09 06:04:28.716
883,91,Stabilis acquiro talis voluptas abscido alii.?,2024-10-09 06:04:28.721
884,91,Crux comptus conicio subvenio solutio video sustineo.?,2024-10-09 06:04:28.723
885,91,Solio tollo caput decerno nemo super comedo.?,2024-10-09 06:04:28.726
886,92,Vomer fuga thorax ventosus tepidus claudeo eaque vulariter.?,2024-10-09 06:04:28.730
887,92,Sol curso tempus cursus debeo.?,2024-10-09 06:04:28.733
888,92,Laboriosam conservo tui suffoco demens crur audio virgo aeternus.?,2024-10-09 06:04:28.736
889,92,Voro peccatus volo utilis toties spargo varietas trans vespillo.?,2024-10-09 06:04:28.746
896,93,Assentator vix caute quaerat dens doloremque careo explicabo.?,2024-10-09 06:04:28.772
898,93,Doloribus vaco subiungo antiquus peccatus.?,2024-10-09 06:04:28.777
899,93,Venio arbitro rem vinitor arma peior vita contabesco derideo.?,2024-10-09 06:04:28.780
908,94,Thesaurus acies vix placeat.?,2024-10-09 06:04:28.820
911,94,Confugo talis trado tabula nesciunt.?,2024-10-09 06:04:28.828
917,95,Desino sed claro doloribus.?,2024-10-09 06:04:28.847
921,95,Tabernus sursum turba pectus spero.?,2024-10-09 06:04:28.857
922,95,Toties cubitum contigo amplitudo sulum cernuus quibusdam.?,2024-10-09 06:04:28.860
929,96,Surculus alienus cinis teneo quibusdam ciminatio.?,2024-10-09 06:04:28.886
931,96,Admiratio appositus cultura maiores suffragium venio ulterius dignissimos culpa.?,2024-10-09 06:04:28.890
932,96,Valeo sono nihil utor aeternus.?,2024-10-09 06:04:28.893
933,96,Cado tredecim blanditiis bis solvo cunae.?,2024-10-09 06:04:28.896
938,97,Decipio stillicidium suffragium demum debilito.?,2024-10-09 06:04:28.910
942,97,Beatae advenio amoveo timor sed delego teneo dolor rerum victus.?,2024-10-09 06:04:28.923
960,99,Demulceo aequitas dolore suffragium.?,2024-10-09 06:04:28.973
961,99,Iusto carus teneo tonsor cupressus amo vulgaris aestivus sumo.?,2024-10-09 06:04:28.977
962,99,Coniecto tamquam comprehendo concido annus abstergo.?,2024-10-09 06:04:28.980
963,99,Vox alveus artificiose.?,2024-10-09 06:04:28.982
966,100,Tenus defendo nihil copiose correptius angustus degusto thesis derideo armarium.?,2024-10-09 06:04:28.991
968,100,Timidus ducimus vorax attonbitus soleo.?,2024-10-09 06:04:28.997
974,100,Spiculum aduro iste at amicitia tracto tener.?,2024-10-09 06:04:29.017
977,101,Textus cruciamentum vulgus commodo.?,2024-10-09 06:04:29.027
987,102,Aeternus solvo ascit ciminatio ventus suppono abduco neque.?,2024-10-09 06:04:29.061
989,102,Casus similique bellum vilicus acidus vinculum sufficio itaque.?,2024-10-09 06:04:29.067
990,102,Itaque vereor ipsum tamisium adficio claustrum ancilla cupiditate deputo debeo.?,2024-10-09 06:04:29.070
997,103,Neque distinctio color triduana vobis ad amplitudo.?,2024-10-09 06:04:29.100
999,103,Certus volva callide antepono necessitatibus commodi.?,2024-10-09 06:04:29.106
1002,103,Debilito aeger bos atque vereor.?,2024-10-09 06:04:29.117
1006,104,Ab canonicus error statim comminor.?,2024-10-09 06:04:29.129
1011,104,Laborum tametsi via traho adficio torqueo vulgo amet amaritudo veniam.?,2024-10-09 06:04:29.143
1016,105,Subito hic trucido deporto exercitationem dolore sequi.?,2024-10-09 06:04:29.157
1020,105,Usus nihil cumque accommodo deorsum.?,2024-10-09 06:04:29.167
1022,105,Architecto triumphus talus.?,2024-10-09 06:04:29.172
1023,105,Exercitationem communis charisma trepide defleo abduco averto thymum cursus.?,2024-10-09 06:04:29.174
1032,106,Turbo surculus adfero aestus crinis debitis aggredior solum demoror.?,2024-10-09 06:04:29.202
1034,106,Crustulum curriculum temporibus arbitro tergeo bonus ancilla avarus vulgaris speculum.?,2024-10-09 06:04:29.207
1045,107,Tum pariatur adhuc amoveo complectus strenuus occaecati copiose tantillus decumbo.?,2024-10-09 06:04:29.236
1047,108,Argentum dapifer conscendo adhuc decimus porro vinculum.?,2024-10-09 06:04:29.241
1051,108,Claudeo eligendi cupiditas suggero repellat.?,2024-10-09 06:04:29.252
1055,108,Spoliatio sublime arma tardus curto.?,2024-10-09 06:04:29.270
1057,109,Teneo repellat tepesco nesciunt.?,2024-10-09 06:04:29.284
1073,110,Truculenter desolo advoco corporis.?,2024-10-09 06:04:29.333
1075,110,Caecus accommodo coadunatio.?,2024-10-09 06:04:29.343
1079,111,Statim trans video.?,2024-10-09 06:04:29.354
1080,111,Carus coma sordeo asperiores timidus.?,2024-10-09 06:04:29.357
1081,111,Thema comptus advenio omnis conatus verto sollers exercitationem aeger pecus.?,2024-10-09 06:04:29.359
1084,111,Administratio substantia supellex degero.?,2024-10-09 06:04:29.366
1087,112,Valens utrum perferendis suffoco incidunt occaecati vulgivagus clamo.?,2024-10-09 06:04:29.374
1090,112,Conturbo acquiro sponte defetiscor.?,2024-10-09 06:04:29.383
1094,112,Terra stella arca auxilium.?,2024-10-09 06:04:29.394
1095,112,Iusto vos vado demum succedo.?,2024-10-09 06:04:29.397
1096,113,Quasi amaritudo cervus.?,2024-10-09 06:04:29.400
1097,113,Verto centum eos considero aggero aestas.?,2024-10-09 06:04:29.403
1099,113,Vaco dolorem harum cuius aro.?,2024-10-09 06:04:29.409
1103,113,Aggredior votum audentia talio accusantium asper nisi depereo vindico.?,2024-10-09 06:04:29.421
1105,113,Assentator suggero depromo arto verumtamen tubineus.?,2024-10-09 06:04:29.427
1109,114,Advoco verto creta crinis.?,2024-10-09 06:04:29.458
1110,114,Quae aliquam adipiscor.?,2024-10-09 06:04:29.462
1114,114,Crepusculum ipsum pauci carmen vitae.?,2024-10-09 06:04:29.484
1116,115,Pectus sollicito depulso deleo magnam vestrum turba voluptatum comptus.?,2024-10-09 06:04:29.495
1118,115,Earum cauda cunctatio cubicularis vitiosus exercitationem considero.?,2024-10-09 06:04:29.504
1123,115,Bene cubicularis incidunt tyrannus.?,2024-10-09 06:04:29.531
1126,116,Viduo adsuesco voluptatum sustineo accommodo atrocitas utor sustineo appono tenuis.?,2024-10-09 06:04:29.540
1132,116,Similique tam vel ullus usus.?,2024-10-09 06:04:29.564
1135,116,Tripudio aranea ambitus sol auctus surculus victus canis.?,2024-10-09 06:04:29.574
1137,117,Crepusculum spiculum molestias tergo attonbitus.?,2024-10-09 06:04:29.582
1139,117,Convoco vesper tristis cribro pecus coruscus callide vix.?,2024-10-09 06:04:29.589
1140,117,Cerno provident audeo esse creber catena anser.?,2024-10-09 06:04:29.592
1150,118,Usus debitis sponte caute.?,2024-10-09 06:04:29.632
1153,118,Demens strues vulticulus voluptas repellendus cognomen clarus curso adversus admitto.?,2024-10-09 06:04:29.686
1160,119,Custodia claudeo umbra adficio depromo textor.?,2024-10-09 06:04:29.726
1172,120,Excepturi doloremque pauci tres voluptate cur veniam.?,2024-10-09 06:04:29.816
1173,120,Convoco coadunatio angustus.?,2024-10-09 06:04:29.819
1176,121,Tui aegrus studio vulnero.?,2024-10-09 06:04:29.833
1184,121,Spero dedecor suus paens timor quas.?,2024-10-09 06:04:29.897
1188,122,Defaeco vitium totidem acidus consequatur assumenda via.?,2024-10-09 06:04:29.919
1193,122,Decretum conservo suasoria.?,2024-10-09 06:04:30.022
1196,123,Teres una amoveo totidem capitulus tantum.?,2024-10-09 06:04:30.046
1197,123,Valens suscipio velociter una condico copiose vestrum.?,2024-10-09 06:04:30.052
1200,123,Creator comminor nemo.?,2024-10-09 06:04:30.089
1203,123,Coniuratio coruscus abundans somnus verecundia pauper.?,2024-10-09 06:04:30.120
1205,123,Capillus canis vulgivagus pectus adstringo coepi exercitationem tersus.?,2024-10-09 06:04:30.137
890,92,Amplexus adfero error pecto ater bis auditor tendo caput.?,2024-10-09 06:04:28.749
897,93,Demens valde voro deserunt traho valeo campana angulus.?,2024-10-09 06:04:28.774
904,93,Spes agnosco temperantia fugiat.?,2024-10-09 06:04:28.795
910,94,Aliquam credo voco dolor cauda aiunt verbum thesaurus.?,2024-10-09 06:04:28.825
912,94,Curia casso valde viriliter volva vulgaris excepturi architecto.?,2024-10-09 06:04:28.830
913,94,Totidem voluntarius sit decretum.?,2024-10-09 06:04:28.835
915,94,Impedit tres modi pectus cursim cuius.?,2024-10-09 06:04:28.840
918,95,Tabernus curto claustrum trans alo casus inflammatio.?,2024-10-09 06:04:28.849
919,95,Sto adversus inventore vulariter capto accommodo abutor vociferor animus.?,2024-10-09 06:04:28.852
926,96,Viriliter solum arbor thymbra.?,2024-10-09 06:04:28.871
935,96,Vitium despecto strues volubilis nam conscendo ulterius.?,2024-10-09 06:04:28.902
936,97,Facere expedita ultra viridis acervus tubineus cibo acies.?,2024-10-09 06:04:28.906
944,97,Dedico inventore aequus.?,2024-10-09 06:04:28.929
946,98,Sapiente animus thema quos tamisium adeptio spiculum.?,2024-10-09 06:04:28.935
949,98,Cavus tribuo taedium venustas accusamus natus talio statua.?,2024-10-09 06:04:28.943
951,98,Carbo casso antea benigne tabgo tempore comes degero in venio.?,2024-10-09 06:04:28.948
955,98,Cubicularis dedecor aedificium magnam trans.?,2024-10-09 06:04:28.958
956,99,Eos cunae comptus agnitio.?,2024-10-09 06:04:28.962
972,100,Infit contra tyrannus aduro cur utor amplexus cribro.?,2024-10-09 06:04:29.011
979,101,Teres delinquo trado natus fugiat patior abundans caelum.?,2024-10-09 06:04:29.034
980,101,Ustulo cura super coadunatio absorbeo quidem cattus.?,2024-10-09 06:04:29.036
981,101,Curis certus utique solvo deludo vilicus vigilo casus audio vester.?,2024-10-09 06:04:29.044
983,101,Colligo veritatis venia capto vulnus solvo.?,2024-10-09 06:04:29.049
985,101,Bibo assentator valetudo tondeo.?,2024-10-09 06:04:29.055
993,102,Cura defaeco contabesco soluta cariosus totus.?,2024-10-09 06:04:29.089
996,103,Eligendi deinde undique virtus virga cerno paulatim.?,2024-10-09 06:04:29.098
998,103,Dens sto officia thesaurus strenuus ascit dens patria.?,2024-10-09 06:04:29.103
1001,103,Sono hic supellex tutis.?,2024-10-09 06:04:29.114
1003,103,Ratione decimus contabesco aegrotatio cumque laborum cognomen demoror.?,2024-10-09 06:04:29.119
1004,103,Cribro eveniet adnuo.?,2024-10-09 06:04:29.122
1005,103,Tollo coma voro utpote nulla vivo.?,2024-10-09 06:04:29.125
1008,104,Exercitationem tolero adamo tenus volaticus curia umbra antiquus.?,2024-10-09 06:04:29.134
1013,104,Repellat aegrotatio sponte adipiscor cimentarius.?,2024-10-09 06:04:29.148
1014,104,Ipsam magnam vomica certus delego attonbitus voluntarius casus sublime.?,2024-10-09 06:04:29.151
1019,105,Vigilo thema vulnus suus custodia conatus ara delinquo volubilis ars.?,2024-10-09 06:04:29.165
1021,105,Magnam voluptas vitium.?,2024-10-09 06:04:29.169
1030,106,Turpis comparo asporto debitis clamo conspergo subvenio sequi abeo.?,2024-10-09 06:04:29.196
1035,106,Saepe conatus voluptas uterque vetus utilis odio venio bis argentum.?,2024-10-09 06:04:29.210
1036,107,Tergeo arbustum stipes vito crur quae patria cado subito.?,2024-10-09 06:04:29.214
1042,107,Convoco summopere esse adhuc demoror.?,2024-10-09 06:04:29.228
1044,107,Cognatus ultio curriculum callide vox alveus decretum tripudio.?,2024-10-09 06:04:29.233
1059,109,Tandem calco congregatio atque custodia in tibi urbs.?,2024-10-09 06:04:29.292
1063,109,Sponte audentia paens repellat temporibus aeger veritatis nobis depraedor auxilium.?,2024-10-09 06:04:29.303
1064,109,Volup paulatim arbustum acer defessus repellat territo accusator talio cruentus.?,2024-10-09 06:04:29.306
1066,110,Vix cariosus abbas officia acsi cibus.?,2024-10-09 06:04:29.312
1071,110,Vos creo decimus amicitia carcer cras compello conturbo.?,2024-10-09 06:04:29.328
1074,110,Alter absum velit expedita est tondeo.?,2024-10-09 06:04:29.340
1076,111,Patria votum venio anser terebro arbor cornu peior.?,2024-10-09 06:04:29.347
1083,111,Cur cenaculum color caveo bene varius textus denego caveo.?,2024-10-09 06:04:29.364
1091,112,Stella comminor tum.?,2024-10-09 06:04:29.386
1093,112,Adulescens tolero umquam thalassinus vulnus cui speciosus perferendis ulterius curis.?,2024-10-09 06:04:29.391
1101,113,Tumultus vix pecus.?,2024-10-09 06:04:29.415
1104,113,Demum nisi dedico summisse bis ambulo amiculum quia.?,2024-10-09 06:04:29.424
1107,114,Cumque claudeo aptus conforto praesentium volup umbra.?,2024-10-09 06:04:29.448
1108,114,Cupio delibero caute somniculosus cervus aer.?,2024-10-09 06:04:29.453
1112,114,Villa caries appositus aedificium excepturi crepusculum cursus titulus.?,2024-10-09 06:04:29.470
1117,115,Volo aureus sursum vitiosus itaque strues thema esse.?,2024-10-09 06:04:29.499
1120,115,Viridis eaque videlicet capitulus sto studio asperiores.?,2024-10-09 06:04:29.512
1128,116,Suffoco varietas curiositas odit debitis cur verecundia.?,2024-10-09 06:04:29.546
1133,116,Caput arbustum tabernus earum amaritudo ars.?,2024-10-09 06:04:29.568
1134,116,Tabella denego textor virtus arceo aliqua admoveo templum.?,2024-10-09 06:04:29.571
1145,117,Sursum enim aedificium.?,2024-10-09 06:04:29.608
1148,118,Fugit cultura usque sui suppellex caelestis.?,2024-10-09 06:04:29.622
1151,118,Delinquo aurum suppono sollicito auctor.?,2024-10-09 06:04:29.641
1154,118,Centum demonstro deficio clementia cenaculum.?,2024-10-09 06:04:29.693
1156,119,Sunt vis tamdiu vereor patior.?,2024-10-09 06:04:29.701
1158,119,Defendo asperiores vergo ancilla comes.?,2024-10-09 06:04:29.712
1159,119,Adulescens turbo tergum claudeo cresco acerbitas conitor.?,2024-10-09 06:04:29.719
1166,120,Vehemens sulum vel mollitia ambulo.?,2024-10-09 06:04:29.779
1167,120,Calculus officiis ter cotidie ipsam apud statim admoveo.?,2024-10-09 06:04:29.788
1175,120,Infit nihil culpa conculco laborum auditor tempore crebro.?,2024-10-09 06:04:29.827
1177,121,Tamen sponte stella aiunt aveho.?,2024-10-09 06:04:29.843
1179,121,Theca depopulo voluptas capio aegre blanditiis.?,2024-10-09 06:04:29.872
1182,121,Deporto quasi capio vero tantum utpote ut bonus aestas vado.?,2024-10-09 06:04:29.887
1183,121,Concedo nesciunt sordeo curriculum aspernatur sumptus porro catena vilicus sit.?,2024-10-09 06:04:29.892
1186,122,Cognatus thesaurus adsuesco umerus incidunt suus umbra cuius conqueror verecundia.?,2024-10-09 06:04:29.911
1189,122,Suasoria constans suggero odit ater adeo vero.?,2024-10-09 06:04:29.922
1194,122,Turba statua demum comprehendo constans.?,2024-10-09 06:04:30.032
1195,122,Cogito incidunt condico compello adsum demulceo.?,2024-10-09 06:04:30.038
1199,123,Alias vos iusto curvo.?,2024-10-09 06:04:30.084
891,92,Vel thermae surculus thema coniecto.?,2024-10-09 06:04:28.751
893,92,Tamen unde beneficium vis aedificium creta audax maiores solitudo auctor.?,2024-10-09 06:04:28.763
895,92,Quibusdam volo arcus advoco caelum cunae.?,2024-10-09 06:04:28.768
901,93,Vobis sustineo vero.?,2024-10-09 06:04:28.786
905,93,Utpote trepide demum desino.?,2024-10-09 06:04:28.797
907,94,Campana nulla studio abundans deduco coniuratio suffoco sapiente.?,2024-10-09 06:04:28.813
909,94,Vallum solium qui.?,2024-10-09 06:04:28.822
916,95,Ago atrocitas fugit.?,2024-10-09 06:04:28.844
923,95,Aggero depulso vigor caveo labore congregatio thalassinus.?,2024-10-09 06:04:28.862
927,96,Ocer explicabo arca tertius admoveo caveo decipio defessus depono.?,2024-10-09 06:04:28.874
939,97,Defungo tricesimus tollo aeneus verus viduo.?,2024-10-09 06:04:28.913
943,97,Iusto conduco succedo alter volutabrum truculenter porro depereo.?,2024-10-09 06:04:28.926
950,98,Adamo turbo ceno conspergo bellum cum succedo totam.?,2024-10-09 06:04:28.945
953,98,Spero tondeo clam depraedor adiuvo peior aptus desidero utroque.?,2024-10-09 06:04:28.953
959,99,Cursim damnatio culpo.?,2024-10-09 06:04:28.970
964,99,Ascit cervus apud atavus depopulo patior alo verus.?,2024-10-09 06:04:28.985
967,100,Provident nam suscipit.?,2024-10-09 06:04:28.994
970,100,Succedo bibo subiungo acsi curo.?,2024-10-09 06:04:29.003
978,101,Admoneo tener consuasor.?,2024-10-09 06:04:29.029
982,101,Arma antiquus conscendo varius venustas cerno aequitas adicio sui defungo.?,2024-10-09 06:04:29.047
988,102,Turba aegrus quisquam aeternus soluta clibanus reiciendis damno audacia curto.?,2024-10-09 06:04:29.064
992,102,Amita dolores dolorem impedit cedo adduco auctus comitatus tribuo deserunt.?,2024-10-09 06:04:29.078
995,102,Solium cena tubineus.?,2024-10-09 06:04:29.094
1000,103,Pel culpo thesis cur.?,2024-10-09 06:04:29.109
1009,104,Vigor animi ascisco callide sto amet trado.?,2024-10-09 06:04:29.137
1010,104,Tantum corporis adfectus decet pariatur cohaero.?,2024-10-09 06:04:29.140
1012,104,Tendo complectus desparatus veniam temeritas paulatim creta.?,2024-10-09 06:04:29.145
1018,105,Provident creta reiciendis carpo compono accusator solium depono amaritudo.?,2024-10-09 06:04:29.162
1026,106,Volup fuga amet vesper reiciendis usitas laudantium labore.?,2024-10-09 06:04:29.183
1028,106,Desolo placeat aequus.?,2024-10-09 06:04:29.188
1029,106,Voluptates atque comminor conor vilitas conforto.?,2024-10-09 06:04:29.190
1033,106,Cunae compono derelinquo vivo artificiose quo ambitus celo tabesco verus.?,2024-10-09 06:04:29.204
1037,107,Soleo validus cogo admoneo cruentus voluptates verus venustas.?,2024-10-09 06:04:29.216
1040,107,Tendo turba tam torqueo iusto non repudiandae depulso tribuo cariosus.?,2024-10-09 06:04:29.224
1050,108,Cruciamentum confugo creptio quia comprehendo vigor iusto antepono defungo.?,2024-10-09 06:04:29.249
1053,108,Cavus speciosus conscendo stillicidium suppellex truculenter considero vomer desparatus crastinus.?,2024-10-09 06:04:29.260
1058,109,Bellicus cilicium sortitus atrox constans vis circumvenio adsuesco somnus voro.?,2024-10-09 06:04:29.288
1062,109,Caute deprecator cogo artificiose demulceo tergum caries via trucido copiose.?,2024-10-09 06:04:29.301
1067,110,Coaegresco animus aspicio supplanto asporto.?,2024-10-09 06:04:29.315
1068,110,Auditor sufficio vapulus paens termes ultra crudelis vulgo attero.?,2024-10-09 06:04:29.319
1069,110,Non dolores causa cur tutamen virga sono sol.?,2024-10-09 06:04:29.322
1070,110,Vis cupressus bellicus vulgus anser defero.?,2024-10-09 06:04:29.325
1077,111,Vix argumentum careo vitiosus nisi patruus.?,2024-10-09 06:04:29.349
1082,111,Curis eveniet totus aequitas coerceo celebrer.?,2024-10-09 06:04:29.362
1085,111,Vomito admoneo terreo crebro adnuo vitium architecto.?,2024-10-09 06:04:29.369
1098,113,Sto debeo laborum totidem demum in celer demens pel varietas.?,2024-10-09 06:04:29.407
1111,114,Accusantium audeo defetiscor cubitum utilis tertius vereor aufero decipio vester.?,2024-10-09 06:04:29.466
1115,114,Appositus tandem temperantia quas apud debitis.?,2024-10-09 06:04:29.489
1121,115,Absorbeo dolorem videlicet quae.?,2024-10-09 06:04:29.516
1125,115,Delicate calculus bis vicinus cibo beneficium culpa adsuesco.?,2024-10-09 06:04:29.536
1131,116,Vere decretum auctor alo coruscus.?,2024-10-09 06:04:29.557
1136,117,Cuius deinde incidunt verbum cupressus acies.?,2024-10-09 06:04:29.579
1143,117,Adicio accommodo usitas illo sperno altus alter.?,2024-10-09 06:04:29.602
1144,117,Atrocitas varietas tot apto dolores trans coniuratio venia velociter.?,2024-10-09 06:04:29.605
1146,118,Contra tersus degusto delectus defungo vivo.?,2024-10-09 06:04:29.613
1147,118,Cupressus corrigo debitis amicitia voluptate.?,2024-10-09 06:04:29.618
1157,119,Doloremque surculus demum arma delego tego eveniet.?,2024-10-09 06:04:29.706
1161,119,Ante armarium sub statua accommodo.?,2024-10-09 06:04:29.734
1165,119,Admoneo patior colligo fugit rerum molestiae stillicidium.?,2024-10-09 06:04:29.764
1169,120,Deorsum curatio terror porro doloremque administratio vapulus conor unde.?,2024-10-09 06:04:29.799
1171,120,Trans quam admiratio amoveo demum tribuo defluo.?,2024-10-09 06:04:29.811
1178,121,Abstergo spectaculum solitudo tunc acies anser.?,2024-10-09 06:04:29.860
1180,121,Cognatus abeo vaco cedo absum ipsum.?,2024-10-09 06:04:29.879
1187,122,Tredecim avarus sursum fugit viriliter ademptio vehemens natus.?,2024-10-09 06:04:29.914
1190,122,Fugit astrum vilitas quae aperiam calcar amplus circumvenio qui.?,2024-10-09 06:04:29.935
1198,123,Demitto canonicus custodia atrocitas casus cunctatio.?,2024-10-09 06:04:30.065
1202,123,Iure vestrum barba.?,2024-10-09 06:04:30.112
1204,123,Tollo contabesco decor suspendo.?,2024-10-09 06:04:30.124
892,92,Cognomen suus odio contigo careo.?,2024-10-09 06:04:28.760
894,92,Acsi utilis charisma clementia repellendus ventus sto aeneus deleo vado.?,2024-10-09 06:04:28.766
900,93,Concido ustilo argumentum voluptatibus solutio via ascisco sodalitas eos terreo.?,2024-10-09 06:04:28.783
902,93,Alo decimus cras ultio celo vacuus.?,2024-10-09 06:04:28.790
903,93,Tres celer crur voro demens inventore tandem maxime degero tabesco.?,2024-10-09 06:04:28.792
906,94,Commodi cubo carpo blandior illum contabesco canis dicta cubitum officiis.?,2024-10-09 06:04:28.801
914,94,Coma teres quia demo quidem turba valetudo magni uredo.?,2024-10-09 06:04:28.838
920,95,Sursum minima cilicium tersus solitudo nemo adipiscor suscipit tumultus color.?,2024-10-09 06:04:28.855
924,95,Degenero amicitia utrum infit defero eos aeger decens suscipit substantia.?,2024-10-09 06:04:28.865
925,95,Enim accommodo compello pariatur admitto pecto defleo spoliatio.?,2024-10-09 06:04:28.868
928,96,Somniculosus denuo numquam urbanus tibi tredecim vitium aliqua.?,2024-10-09 06:04:28.883
930,96,Sortitus solvo tener sit conduco video.?,2024-10-09 06:04:28.888
934,96,Tubineus vergo spectaculum capio accusantium eos catena.?,2024-10-09 06:04:28.899
937,97,Suppellex ars summopere alienus soluta vinitor.?,2024-10-09 06:04:28.908
940,97,Antepono testimonium corona vaco sublime pariatur xiphias depereo conforto volo.?,2024-10-09 06:04:28.916
941,97,Cohaero versus solio.?,2024-10-09 06:04:28.918
945,97,Reprehenderit cedo spiculum dens deinde caput desidero usitas corrumpo aggredior.?,2024-10-09 06:04:28.932
947,98,Ratione ulciscor demens.?,2024-10-09 06:04:28.938
948,98,Sustineo cursus aeternus.?,2024-10-09 06:04:28.940
952,98,Dedico carcer attollo tutis admoneo officiis aperio.?,2024-10-09 06:04:28.950
954,98,Patior capio aro validus ambitus corrigo tersus adficio.?,2024-10-09 06:04:28.956
957,99,Absconditus vitae cursim pariatur uterque esse arguo.?,2024-10-09 06:04:28.965
958,99,Beatus constans apto viscus adinventitias tergiversatio cohaero cura sum.?,2024-10-09 06:04:28.967
965,99,Tamisium carmen blanditiis aeger vigor ait.?,2024-10-09 06:04:28.987
969,100,Dedecor contego eum aptus corrigo veniam thesis sono.?,2024-10-09 06:04:28.999
971,100,Inventore derideo caritas.?,2024-10-09 06:04:29.008
973,100,Conicio voluptates ambitus defessus spargo cavus ipsa aedificium.?,2024-10-09 06:04:29.014
975,100,Utor excepturi vestrum.?,2024-10-09 06:04:29.020
976,101,Sum adduco eum auditor sono provident adsidue crur aiunt.?,2024-10-09 06:04:29.024
984,101,Quam tenuis terreo apud.?,2024-10-09 06:04:29.052
986,102,Deprecator adsidue acceptus odio.?,2024-10-09 06:04:29.059
991,102,Vel quibusdam aperiam non tantum talis adamo.?,2024-10-09 06:04:29.075
994,102,Trado certus coepi sopor uredo.?,2024-10-09 06:04:29.091
1007,104,Incidunt molestiae ago succedo nam.?,2024-10-09 06:04:29.131
1015,104,Crapula libero cibo solum umerus.?,2024-10-09 06:04:29.153
1017,105,Dignissimos correptius pauper comparo.?,2024-10-09 06:04:29.159
1024,105,Totidem usque deprecator.?,2024-10-09 06:04:29.177
1025,105,Ad confero natus tempus.?,2024-10-09 06:04:29.179
1027,106,Alioqui vinco civitas.?,2024-10-09 06:04:29.185
1031,106,Tardus strues claro tergum ipsam aetas tutis vestigium cedo commodi.?,2024-10-09 06:04:29.199
1038,107,Ullus accusantium tabula vociferor vobis.?,2024-10-09 06:04:29.219
1039,107,Cena sit compello barba carpo textor delicate.?,2024-10-09 06:04:29.221
1041,107,Vilitas eius aureus atrocitas capitulus vitae aequus.?,2024-10-09 06:04:29.226
1043,107,Caste demoror totidem apostolus denuo usitas.?,2024-10-09 06:04:29.231
1046,108,Substantia despecto sit vulgivagus aperte ante venia pecus.?,2024-10-09 06:04:29.239
1048,108,Conspergo degero vero stella numquam ambulo.?,2024-10-09 06:04:29.244
1049,108,Vehemens vociferor tabella.?,2024-10-09 06:04:29.247
1052,108,Atrocitas avaritia quis desino curatio.?,2024-10-09 06:04:29.255
1054,108,Cogito caute tergo.?,2024-10-09 06:04:29.265
1056,109,Aeger cura denuo volutabrum aequus cavus.?,2024-10-09 06:04:29.279
1060,109,Carcer omnis arcus caterva.?,2024-10-09 06:04:29.295
1061,109,Veritas praesentium torrens curriculum concedo adeptio.?,2024-10-09 06:04:29.298
1065,109,Ager addo pauci.?,2024-10-09 06:04:29.308
1072,110,Caries ratione decor ciminatio doloribus.?,2024-10-09 06:04:29.331
1078,111,Suadeo vomer ait hic arbitro.?,2024-10-09 06:04:29.352
1086,112,Amiculum clarus admoveo voluptas deprimo.?,2024-10-09 06:04:29.372
1088,112,Tantillus odit adulescens brevis voluptatum.?,2024-10-09 06:04:29.378
1089,112,Curso clarus cometes comedo sublime basium pel vulgivagus conspergo.?,2024-10-09 06:04:29.381
1092,112,Omnis articulus demitto alienus sumptus trucido.?,2024-10-09 06:04:29.388
1100,113,Vindico alienus cursus benevolentia deserunt despecto veniam quibusdam deinde tam.?,2024-10-09 06:04:29.412
1102,113,Delibero arcesso aperte virga tracto agnosco.?,2024-10-09 06:04:29.418
1106,114,Suus dignissimos adaugeo tumultus curriculum.?,2024-10-09 06:04:29.439
1113,114,Apud caterva terebro error allatus.?,2024-10-09 06:04:29.478
1119,115,Voluptatum amissio animi verbum corporis.?,2024-10-09 06:04:29.508
1122,115,Ceno aeneus atque adamo vergo culpo contigo creta.?,2024-10-09 06:04:29.521
1124,115,Artificiose minus deserunt auctor sum sursum aequus.?,2024-10-09 06:04:29.534
1127,116,Arbor quisquam ubi clamo acervus sollicito velociter claudeo.?,2024-10-09 06:04:29.543
1129,116,Aut viduo eaque labore est demonstro nemo bardus suspendo.?,2024-10-09 06:04:29.549
1130,116,Spero basium angulus officiis error solum suscipit bellicus arcesso trucido.?,2024-10-09 06:04:29.554
1138,117,Defero teres conturbo.?,2024-10-09 06:04:29.586
1141,117,Cernuus vilitas subnecto error temeritas solutio utrimque.?,2024-10-09 06:04:29.595
1142,117,Ustulo accedo summisse tot depromo.?,2024-10-09 06:04:29.599
1149,118,Solum corpus inventore sono ustulo testimonium blanditiis qui subito illo.?,2024-10-09 06:04:29.629
1152,118,Vicissitudo vehemens super reprehenderit capitulus considero tametsi decimus.?,2024-10-09 06:04:29.651
1155,118,Capillus aedificium mollitia alveus adicio viriliter.?,2024-10-09 06:04:29.696
1162,119,Cura adsuesco vitae careo corrumpo cibo benigne natus circumvenio canonicus.?,2024-10-09 06:04:29.740
1163,119,Arbitro sublime coruscus ipsam.?,2024-10-09 06:04:29.746
1164,119,Sint caterva crebro tonsor iste ex crur depromo adopto.?,2024-10-09 06:04:29.760
1168,120,Ago adeptio tamdiu placeat.?,2024-10-09 06:04:29.793
1170,120,Autus thalassinus torrens solitudo dignissimos vesco ait vereor.?,2024-10-09 06:04:29.804
1174,120,Animadverto sit termes curriculum caute.?,2024-10-09 06:04:29.823
1181,121,Sublime earum incidunt coadunatio bonus confero hic valeo.?,2024-10-09 06:04:29.883
1185,121,Aggero adipiscor sumo alveus voco.?,2024-10-09 06:04:29.905
1191,122,Absconditus patrocinor nostrum defero suadeo assumenda cauda thema.?,2024-10-09 06:04:29.944
1192,122,Canto odit velit vinitor tendo consectetur cuppedia thema iste speciosus.?,2024-10-09 06:04:30.003
1201,123,Aequus teneo bellicus explicabo molestiae cogito.?,2024-10-09 06:04:30.097
