id,name,createdAt
223,Bahringer Inc Tech,2024-10-09 06:04:26.683
225,Windler - Kunze Tech,2024-10-09 06:04:26.687
226,Larkin - Leffler Tech,2024-10-09 06:04:26.687
228,Gusikowski and Sons Tech,2024-10-09 06:04:26.683
230,Roberts and Sons Tech,2024-10-09 06:04:26.683
232,Kunze Inc Tech,2024-10-09 06:04:26.683
224,Wintheiser Inc Tech,2024-10-09 06:04:26.683
227,Swift - Gerhold Tech,2024-10-09 06:04:26.687
229,Ryan - Schmitt Tech,2024-10-09 06:04:26.683
231,O'Reilly - Harris Tech,2024-10-09 06:04:26.683
